,symbol,strategy,side,signal_time,entry_time,exit_time,entry,exit,stop,target,quantity,initial_risk,pnl,r_multiple,return_pct,hold_bars,exit_reason
0,SPY.US,momentum_breakout,BUY,2016-12-13 14:30:00+00:00,2016-12-14 14:30:00+00:00,2016-12-14 14:30:00+00:00,194.3625058758817,192.468808422449,192.62290674784728,197.8417041319506,10.290050496041575,17.900562870344153,-21.476499298837876,-1.1997667031140107,-0.9743121210023964,1,STOP_INTRADAY
1,QQQ.US,momentum_breakout,BUY,2016-12-13 14:30:00+00:00,2016-12-14 14:30:00+00:00,2016-12-30 14:30:00+00:00,112.91783001181436,110.8705219576506,110.95928938916192,116.83491125711923,17.707391787339184,34.68064613672591,-38.23383983733594,-1.1024546568885085,-1.8130954641526142,12,STOP_INTRADAY
2,SPY.US,momentum_breakout,BUY,2017-01-06 14:30:00+00:00,2017-01-09 14:30:00+00:00,2017-01-12 14:30:00+00:00,195.078219093998,193.30223656223347,193.45700216396466,198.32065295406466,10.186012031297361,16.513735154662587,-20.068203432944976,-1.2152431442670193,-0.9103950917804804,4,STOP_INTRADAY
3,QQQ.US,momentum_breakout,BUY,2017-01-06 14:30:00+00:00,2017-01-09 14:30:00+00:00,2017-01-26 14:30:00+00:00,114.58512885377141,117.89140067943406,112.88479862521574,117.98578931088277,17.33691555602872,29.47848158983269,55.30534246615234,1.876125888560946,2.8854283786528434,13,TARGET_INTRADAY
4,SPY.US,momentum_breakout,BUY,2017-01-25 14:30:00+00:00,2017-01-26 14:30:00+00:00,2017-01-30 14:30:00+00:00,197.21887281868283,195.18443898904758,195.34071155829423,200.97519533946002,10.18081547493235,19.12121322418265,-22.709688270109837,-1.1876698410218465,-1.0315614325134281,3,STOP_INTRADAY
5,QQQ.US,momentum_breakout,BUY,2017-01-26 14:30:00+00:00,2017-01-27 14:30:00+00:00,2017-01-30 14:30:00+00:00,118.15330147824524,116.43261168658252,116.52583235246449,121.40823972980674,16.965842361048242,27.611384635469182,-31.18292556905318,-1.1293503017228643,-1.4563196881803075,2,STOP_INTRADAY
6,EFA.US,momentum_breakout,BUY,2017-01-04 14:30:00+00:00,2017-01-05 14:30:00+00:00,2017-02-13 14:30:00+00:00,44.35789840537758,45.367979760889156,43.834696006340415,45.40430320345192,44.81857805805673,23.449187561409826,43.259716939771955,1.8448279637186318,2.2771172481632185,27,TARGET_GAP
7,EEM.US,momentum_breakout,BUY,2017-01-23 14:30:00+00:00,2017-01-24 14:30:00+00:00,2017-02-15 14:30:00+00:00,30.179418466164602,31.275540673733172,29.61883712992486,31.300581138644088,65.99626676297358,36.99627540882225,70.31207467686265,1.900517657517919,3.6320189827298233,17,TARGET_INTRADAY
8,QQQ.US,momentum_breakout,BUY,2017-02-07 14:30:00+00:00,2017-02-08 14:30:00+00:00,2017-02-15 14:30:00+00:00,118.42560528292177,120.69434628065467,117.24291839242976,120.7909790639058,16.837949581547665,19.914022232861807,36.187801689231996,1.817202033123949,1.9157520810747286,6,TARGET_INTRADAY
9,EEM.US,momentum_breakout,BUY,2017-02-15 14:30:00+00:00,2017-02-16 14:30:00+00:00,2017-02-17 14:30:00+00:00,31.4883879135524,31.04842322302078,31.112164876777594,32.240833987102015,64.1602508295365,24.13856440732153,-30.234433644949146,-1.2525365276395086,-1.397228374280357,2,STOP_GAP
10,EFA.US,momentum_breakout,BUY,2017-02-16 14:30:00+00:00,2017-02-17 14:30:00+00:00,2017-02-23 14:30:00+00:00,45.427301663902796,45.785238033149625,45.230004721059544,45.8218955495893,44.288760677557875,8.738037083998606,13.832713024649301,1.583045813570675,0.7879322701027869,4,TARGET_INTRADAY
11,SPY.US,momentum_breakout,BUY,2017-02-10 14:30:00+00:00,2017-02-13 14:30:00+00:00,2017-03-01 14:30:00+00:00,199.52290497632367,204.28017830407583,197.0624908191313,204.4437332907084,10.056312373515514,24.74269333294628,45.81024165864117,1.8514654424319388,2.3843244104313044,12,TARGET_GAP
12,IWM.US,momentum_breakout,BUY,2017-03-01 14:30:00+00:00,2017-03-02 14:30:00+00:00,2017-03-06 14:30:00+00:00,124.43281561350828,121.97628998489644,122.12049393161094,129.05745897730299,16.285763569285088,37.6579242075118,-42.01287580700921,-1.1156450253471144,-1.9741782876969372,3,STOP_GAP
13,GLD.US,momentum_breakout,BUY,2017-02-06 14:30:00+00:00,2017-02-07 14:30:00+00:00,2017-03-07 14:30:00+00:00,117.40384555664062,115.72698376682825,115.81963947841099,120.57225771309987,16.97399110578006,26.8902998815924,-30.441617417607336,-1.1320668624616554,-1.4282852336411578,20,STOP_INTRADAY
14,EFA.US,momentum_breakout,BUY,2017-03-01 14:30:00+00:00,2017-03-02 14:30:00+00:00,2017-03-07 14:30:00+00:00,45.721022032490545,45.41322338909213,45.449583055536564,46.263899986398506,44.33431469003832,12.034061023419838,-15.666229075371971,-1.3018239682251458,-0.6732103302058423,4,STOP_INTRADAY
15,SPY.US,volatility_expansion,BUY,2017-03-03 14:30:00+00:00,2017-03-06 14:30:00+00:00,2017-03-09 14:30:00+00:00,204.18256646328678,202.8682042046008,203.03062870756685,206.4864419747266,9.865013994016772,11.363882080413362,-14.973982849601647,-1.3176819984264538,-0.643719138931631,4,STOP_INTRADAY
16,QQQ.US,momentum_breakout,BUY,2017-02-15 14:30:00+00:00,2017-02-16 14:30:00+00:00,2017-03-15 13:30:00+00:00,121.4773200257388,124.0605713328674,120.1360304124736,124.15989925226921,16.626789642461745,22.301340249379408,40.909922642804844,1.8344154290880912,2.1265297148317375,19,TARGET_INTRADAY
17,EFA.US,momentum_breakout,BUY,2017-03-13 13:30:00+00:00,2017-03-14 13:30:00+00:00,2017-03-15 13:30:00+00:00,45.87915987858111,46.15095655624308,45.72478637699743,46.18790688174848,43.70327258946364,6.746627220301758,9.867395660275951,1.4625671966257845,0.5924186022178146,2,TARGET_INTRADAY
18,QQQ.US,momentum_breakout,BUY,2017-03-15 13:30:00+00:00,2017-03-16 13:30:00+00:00,2017-03-21 13:30:00+00:00,124.27555444309284,122.64217765141791,122.74036994737581,127.34592343452691,16.17129765960027,24.825925442643474,-28.41031236002514,-1.1443807976328153,-1.314318651801205,4,STOP_INTRADAY
19,EFA.US,momentum_breakout,BUY,2017-03-15 13:30:00+00:00,2017-03-16 13:30:00+00:00,2017-03-30 13:30:00+00:00,46.7678251955419,48.35025373991082,45.95725533739271,48.38896491184029,42.96061897534453,34.82258282884657,65.93894397693572,1.8935684438178078,3.3835837731444496,11,TARGET_INTRADAY
20,QQQ.US,volatility_expansion,BUY,2017-03-27 13:30:00+00:00,2017-03-28 13:30:00+00:00,2017-04-24 13:30:00+00:00,123.11319981748173,125.8321726384943,121.70334023938598,125.93291897367324,16.29033605222102,22.967086313622282,42.26527908317358,1.8402542885078599,2.2085144607105534,19,TARGET_GAP
21,GLD.US,momentum_breakout,BUY,2017-04-11 13:30:00+00:00,2017-04-12 13:30:00+00:00,2017-05-01 13:30:00+00:00,121.47710125122069,119.66276612875802,119.75857298714774,124.91415777936659,16.586042400739125,28.503582654782452,-32.09241730275245,-1.1259081951709622,-1.4935614233258065,13,STOP_INTRADAY
22,EFA.US,momentum_breakout,BUY,2017-05-02 13:30:00+00:00,2017-05-03 13:30:00+00:00,2017-05-05 13:30:00+00:00,48.36442145280235,49.20593237861742,47.923967858438196,49.24532864153065,42.042086636217896,18.51758817349119,33.3278446139877,1.799794028344258,1.7399379554995376,3,TARGET_INTRADAY
23,TLT.US,momentum_breakout,BUY,2017-04-11 13:30:00+00:00,2017-04-12 13:30:00+00:00,2017-05-08 13:30:00+00:00,93.55896674564913,92.1533108293121,92.22709250331476,96.22271523031787,21.52974562991446,28.674913648493927,-32.26258337019097,-1.1251152755218663,-1.5024277899075789,18,STOP_INTRADAY
24,EFA.US,momentum_breakout,BUY,2017-05-05 13:30:00+00:00,2017-05-08 13:30:00+00:00,2017-05-09 13:30:00+00:00,49.034680027138585,48.75327613276243,48.79230998074703,49.5194201199217,41.536123130003524,10.06711208994436,-13.71929309991498,-1.3627833858747476,-0.5738874898753465,2,STOP_INTRADAY
25,EEM.US,momentum_breakout,BUY,2017-03-15 13:30:00+00:00,2017-03-16 13:30:00+00:00,2017-05-15 13:30:00+00:00,32.19572552483446,33.76658529849619,31.396778189925733,33.79362019465191,62.38879718749535,49.845363241110356,95.94639721298893,1.9248810917252255,4.879094190469591,42,TARGET_INTRADAY
26,QQQ.US,momentum_breakout,BUY,2017-04-24 13:30:00+00:00,2017-04-25 13:30:00+00:00,2017-05-15 13:30:00+00:00,126.6511492215183,130.5703304806135,124.63928864381992,130.67487037691504,15.99476417282138,32.17923548888164,60.6292815357592,1.884111931643231,3.0944695592460825,15,TARGET_INTRADAY
27,QQQ.US,momentum_breakout,BUY,2017-05-15 13:30:00+00:00,2017-05-16 13:30:00+00:00,2017-05-17 13:30:00+00:00,131.16761435954072,129.60314399366504,129.70690952128209,134.089024036058,15.620645332829547,22.817152214386294,-26.47474048377026,-1.160299946067671,-1.192726095930463,2,STOP_INTRADAY
28,EEM.US,momentum_breakout,BUY,2017-05-15 13:30:00+00:00,2017-05-16 13:30:00+00:00,2017-05-17 13:30:00+00:00,33.82990234609392,33.38619012146688,33.41292045783315,34.663866122615445,60.549696662932746,25.248126848126198,-28.90159761169126,-1.1447026460830778,-1.3115977104742327,2,STOP_INTRADAY
29,EFA.US,momentum_breakout,BUY,2017-05-16 13:30:00+00:00,2017-05-17 13:30:00+00:00,2017-05-17 13:30:00+00:00,49.45641376733891,49.18856579603972,49.22794815456337,49.91334499288998,41.168955277808244,9.405690594873134,-13.057576527680547,-1.3882634556146243,-0.5415838935658446,1,STOP_INTRADAY
30,XLE.US,volatility_expansion,BUY,2017-05-10 13:30:00+00:00,2017-05-11 13:30:00+00:00,2017-05-18 13:30:00+00:00,23.18590921280633,22.616513969839964,22.634621667173704,24.288484304071577,87.99468780693995,48.510375469797054,-52.1189416079612,-1.0743875120160813,-2.455781387481104,6,STOP_INTRADAY
31,QQQ.US,volatility_expansion,BUY,2017-05-18 13:30:00+00:00,2017-05-19 13:30:00+00:00,2017-06-01 13:30:00+00:00,129.61507991954818,133.2919621400268,127.72327933687491,133.39868108489472,15.614780631845631,29.54005109764085,55.361091387743464,1.8741027632198224,2.836770399525168,9,TARGET_INTRADAY
32,IWM.US,mean_reversion,BUY,2017-05-18 13:30:00+00:00,2017-05-19 13:30:00+00:00,2017-06-02 13:30:00+00:00,120.6203961051502,123.82957994722898,118.41909479877133,123.92872292556943,16.774817086011417,36.926426765703695,51.78317012877549,1.402333631069615,2.6605648345584765,10,TARGET_INTRADAY
33,TLT.US,momentum_breakout,BUY,2017-06-02 13:30:00+00:00,2017-06-05 13:30:00+00:00,2017-06-08 13:30:00+00:00,95.78595514500539,95.22018381439275,95.29642095115368,96.76502353270881,21.46804076125249,10.509340027635401,-14.196265775554991,-1.3508237185422145,-0.5906620962918274,4,STOP_INTRADAY
34,QQQ.US,momentum_breakout,BUY,2017-06-01 13:30:00+00:00,2017-06-02 13:30:00+00:00,2017-06-09 13:30:00+00:00,133.934010944046,131.6941123811055,131.79955202272367,138.2029287866907,15.337879837414913,32.738074453140214,-36.39238112487949,-1.1116225292043331,-1.6723896694740836,6,STOP_INTRADAY
35,IWM.US,momentum_breakout,BUY,2017-06-09 13:30:00+00:00,2017-06-12 13:30:00+00:00,2017-06-22 13:30:00+00:00,125.97380695496346,123.49251662379841,123.59138973558689,130.73864139371662,16.15636542688186,38.491203195543754,-42.10386786321096,-1.0938568911268913,-1.9696875018249904,9,STOP_INTRADAY
36,TLT.US,momentum_breakout,BUY,2017-06-14 13:30:00+00:00,2017-06-15 13:30:00+00:00,2017-06-26 13:30:00+00:00,96.69853872716331,98.42704255107544,95.7948844763157,98.50584722885853,20.915555941548256,18.900431035421043,34.112038418788266,1.8048285964938764,1.7875180397390888,8,TARGET_INTRADAY
37,TLT.US,momentum_breakout,BUY,2017-06-26 13:30:00+00:00,2017-06-27 13:30:00+00:00,2017-06-27 13:30:00+00:00,97.72618279484895,97.31047170319177,97.38838240911906,98.40178356630874,20.896598272141404,7.058878956771964,-10.724748988327582,-1.5193275099353774,-0.4253835356793467,1,STOP_INTRADAY
38,EEM.US,volatility_expansion,BUY,2017-05-22 13:30:00+00:00,2017-05-23 13:30:00+00:00,2017-07-12 13:30:00+00:00,33.51281470625877,34.64834800700217,32.93117762033583,34.67608887810466,60.66648918633601,35.28587998351617,66.82126948993766,1.8937112953156696,3.3883555013101585,35,TARGET_INTRADAY
39,EFA.US,momentum_breakout,BUY,2017-05-19 13:30:00+00:00,2017-05-22 13:30:00+00:00,2017-07-20 13:30:00+00:00,49.84049946548656,51.03923312078714,49.22070059895685,51.08009719854598,40.64731199241954,25.193157900380957,46.675055900743075,1.8526877847273477,2.4051397320580037,42,TARGET_INTRADAY
40,EFA.US,momentum_breakout,BUY,2017-07-20 13:30:00+00:00,2017-07-21 13:30:00+00:00,2017-07-21 13:30:00+00:00,50.86167885760683,50.649929156772345,50.69048154200595,51.2040734888086,40.5568019063836,6.943215615729737,-10.646383759199153,-1.533350589758433,-0.4163246388844244,1,STOP_INTRADAY
41,QQQ.US,momentum_breakout,BUY,2017-07-24 13:30:00+00:00,2017-07-25 13:30:00+00:00,2017-07-27 13:30:00+00:00,136.13877219189493,134.5595193973428,134.66725319990272,139.08181017587935,15.174463414888788,22.329511108299855,-26.018164414889114,-1.1651918525532872,-1.1600316126886279,3,STOP_INTRADAY
42,IWM.US,momentum_breakout,BUY,2017-07-19 13:30:00+00:00,2017-07-20 13:30:00+00:00,2017-08-02 13:30:00+00:00,127.82193542068306,125.57982830625373,125.68037260433721,132.10506105337475,16.161547903192385,34.610970044069106,-38.283603905551246,-1.1061118442160358,-1.7540863444526877,10,STOP_INTRADAY
43,EEM.US,momentum_breakout,BUY,2017-07-12 13:30:00+00:00,2017-07-13 13:30:00+00:00,2017-08-08 13:30:00+00:00,34.90962973097891,36.203248723980025,34.24832734067371,36.2322345115893,58.67143142740194,38.79955784556826,73.81233085511221,1.9024013404715425,3.705622210748216,19,TARGET_INTRADAY
44,EFA.US,momentum_breakout,BUY,2017-08-01 13:30:00+00:00,2017-08-02 13:30:00+00:00,2017-08-09 13:30:00+00:00,51.535131598965606,50.98257806304051,51.023396780464886,52.558601235967046,39.901664887983145,20.419071239328616,-24.093119671161652,-1.1799322010668414,-1.0721880759419378,6,STOP_INTRADAY
45,QQQ.US,volatility_expansion,BUY,2017-08-14 13:30:00+00:00,2017-08-15 13:30:00+00:00,2017-08-17 13:30:00+00:00,136.13875529638693,133.48888784409715,133.59576445566168,141.22473697783747,15.055853089632395,38.286896506240176,-41.925752160686926,-1.0950418024572368,-1.9464460700560737,3,STOP_INTRADAY
46,IWM.US,mean_reversion,BUY,2017-08-11 13:30:00+00:00,2017-08-14 13:30:00+00:00,2017-08-18 13:30:00+00:00,122.588324769975,119.9045387994544,120.11048369381749,128.71303896202022,16.70575551486218,41.394207222970486,-46.860185524179165,-1.1320469376733346,-2.1892671880103354,5,STOP_GAP
47,SPY.US,momentum_breakout,BUY,2017-07-14 13:30:00+00:00,2017-07-17 13:30:00+00:00,2017-08-18 13:30:00+00:00,212.98623270790435,210.38842672984904,210.55687222763115,217.84495366845073,9.649848561055906,23.442960734850455,-27.11118495332089,-1.156474442795838,-1.219706055657599,25,STOP_INTRADAY
48,GLD.US,momentum_breakout,BUY,2017-08-09 13:30:00+00:00,2017-08-10 13:30:00+00:00,2017-09-05 13:30:00+00:00,122.17766583251952,126.47745421549243,119.97714015415737,126.57871718924383,16.778599579129637,36.921739220831206,70.0583852066027,1.8974833440965269,3.51929164276803,18,TARGET_GAP
49,QQQ.US,momentum_breakout,BUY,2017-08-31 13:30:00+00:00,2017-09-01 13:30:00+00:00,2017-09-05 13:30:00+00:00,138.12010990747012,135.46357216722387,135.57202979105674,143.2162701402969,14.771617550371563,37.63926496736482,-41.261996266860834,-1.0962487259684033,-1.9233533350255239,2,STOP_INTRADAY
50,GLD.US,momentum_breakout,BUY,2017-09-01 13:30:00+00:00,2017-09-05 13:30:00+00:00,2017-09-18 13:30:00+00:00,126.75132152709959,124.21733102242605,124.31678444998605,131.62039568132667,15.701350726498545,38.22552050442442,-41.75734706901472,-1.092394466261918,-1.9991827100057202,10,STOP_INTRADAY
51,TLT.US,momentum_breakout,BUY,2017-08-17 13:30:00+00:00,2017-08-18 13:30:00+00:00,2017-09-27 13:30:00+00:00,97.79440168289808,96.1865239997095,96.26353482757155,100.85613539355116,20.761279779204852,31.782755088145738,-35.39524456638091,-1.113661936110207,-1.6441408255681078,28,STOP_INTRADAY
52,EFA.US,momentum_breakout,BUY,2017-09-07 13:30:00+00:00,2017-09-08 13:30:00+00:00,2017-10-11 13:30:00+00:00,51.78003829098905,52.94178881946237,51.17796935628823,52.98417616039068,39.48430048197452,23.772270728589366,43.803472907008036,1.842628893432904,2.243626244431529,24,TARGET_INTRADAY
53,SPY.US,momentum_breakout,BUY,2017-09-18 13:30:00+00:00,2017-09-19 13:30:00+00:00,2017-10-13 13:30:00+00:00,217.99326962695838,222.16467431222722,215.8186302649836,222.34254835090795,9.324944052571803,20.2783903849353,36.84589121000385,1.817002755671202,1.913547465207155,19,TARGET_INTRADAY
54,XLE.US,momentum_breakout,BUY,2017-09-27 13:30:00+00:00,2017-09-28 13:30:00+00:00,2017-10-19 13:30:00+00:00,23.729084048421104,23.276599582275253,23.318952408304774,24.54934732865376,84.63495797270038,34.71147412452022,-40.285165804834875,-1.1605720246947793,-1.9068770847729288,16,STOP_GAP
55,EFA.US,momentum_breakout,BUY,2017-10-11 13:30:00+00:00,2017-10-12 13:30:00+00:00,2017-10-25 13:30:00+00:00,52.92033137162201,52.56229136274681,52.604374862636924,53.55224438959219,38.53684619243253,12.175967390256288,-15.830216556905139,-1.3001198220663053,-0.6765641854374227,10,STOP_INTRADAY
56,SPY.US,momentum_breakout,BUY,2017-10-16 13:30:00+00:00,2017-10-17 13:30:00+00:00,2017-11-06 14:30:00+00:00,222.55365897610793,225.14138438557325,221.1696676146957,225.3216416989324,9.186718517232382,12.71433906757537,21.716280764185857,1.7080149151887578,1.1627422444414393,15,TARGET_INTRADAY
57,EFA.US,momentum_breakout,BUY,2017-11-01 13:30:00+00:00,2017-11-02 13:30:00+00:00,2017-11-09 14:30:00+00:00,53.30299012185355,52.91376294455855,52.95612784683602,53.996714671888604,38.247050820645256,13.266459060360045,-16.918030407045595,-1.2752483786420736,-0.7302164032546798,6,STOP_INTRADAY
58,SPY.US,momentum_breakout,BUY,2017-11-06 14:30:00+00:00,2017-11-07 14:30:00+00:00,2017-11-09 14:30:00+00:00,225.81483492616425,223.64521260279156,223.8242720204079,229.79596073767695,9.047576497280064,18.009770162478652,-21.66308602216562,-1.202851886877393,-0.9607970725581838,3,STOP_INTRADAY
59,XLE.US,volatility_expansion,BUY,2017-11-09 14:30:00+00:00,2017-11-10 14:30:00+00:00,2017-11-14 14:30:00+00:00,24.189273910621612,23.78269713638838,23.801738527210148,24.96434467744454,83.95691851581115,32.53627660706992,-36.14872253683925,-1.111028252353386,-1.6808142970124562,3,STOP_INTRADAY
60,EEM.US,momentum_breakout,BUY,2017-08-24 13:30:00+00:00,2017-08-25 13:30:00+00:00,2017-11-17 14:30:00+00:00,36.690221535005996,38.29626391866198,35.87186957299439,38.326925459029205,55.255479492512336,45.21843005458944,86.67093488960839,1.9167170285429167,4.377303587888304,60,TARGET_INTRADAY
61,TLT.US,volatility_expansion,BUY,2017-11-15 14:30:00+00:00,2017-11-16 14:30:00+00:00,2017-11-29 14:30:00+00:00,97.6503069005944,96.96051887614999,97.03814939566652,98.87462191045017,20.71293619668267,12.679579341891612,-16.303016148301587,-1.2857694808879527,-0.7063859257980587,9,STOP_INTRADAY
62,EEM.US,momentum_breakout,BUY,2017-11-21 14:30:00+00:00,2017-11-22 14:30:00+00:00,2017-11-29 14:30:00+00:00,39.075249587889175,38.31204730280656,38.34272147999056,40.54030580368641,52.10981494614795,38.171904145448806,-41.78664870221061,-1.094696469502499,-1.9531603588762714,5,STOP_INTRADAY
63,SPY.US,volatility_expansion,BUY,2017-11-20 14:30:00+00:00,2017-11-21 14:30:00+00:00,2017-11-30 14:30:00+00:00,225.9979479563137,231.23452148609303,223.2870933285393,231.41965721186253,9.000438199612418,24.3988795454169,45.07381014046875,1.8473721326656347,2.317088972326231,7,TARGET_INTRADAY
64,IWM.US,momentum_breakout,BUY,2017-11-29 14:30:00+00:00,2017-11-30 14:30:00+00:00,2017-12-01 14:30:00+00:00,137.9615119643739,135.0706068641891,135.17874986408037,143.52703616496098,14.685583734745938,40.86648583773803,-44.45944693963389,-1.0879195024539632,-2.0954431848581923,2,STOP_INTRADAY
65,SPY.US,momentum_breakout,BUY,2017-11-30 14:30:00+00:00,2017-12-01 14:30:00+00:00,2017-12-01 14:30:00+00:00,230.8636361770362,228.68903429489157,228.87213200049197,234.84664453012468,8.768017882622654,17.461544233257474,-21.081631206581413,-1.2073176876549714,-0.9419421430567176,1,STOP_INTRADAY
66,QQQ.US,momentum_breakout,BUY,2017-11-03 13:30:00+00:00,2017-11-06 14:30:00+00:00,2017-12-15 14:30:00+00:00,144.81451282841132,148.56118834805997,142.88170301560538,148.68013245402318,14.08058100038196,27.215085127547162,50.68991797458137,1.8625669453913607,2.58722378473768,29,TARGET_INTRADAY
67,TLT.US,momentum_breakout,BUY,2017-12-15 14:30:00+00:00,2017-12-18 14:30:00+00:00,2017-12-19 14:30:00+00:00,99.37171905792025,97.93365567670187,98.24143367799205,101.63228981777664,20.34075268250852,22.990855373774618,-31.257961494338144,-1.359582363777283,-1.4471555839545958,2,STOP_GAP
68,XLE.US,momentum_breakout,BUY,2017-12-20 14:30:00+00:00,2017-12-21 14:30:00+00:00,2018-01-02 14:30:00+00:00,24.507083212587542,25.50325309540817,23.998788802364015,25.523672033034597,82.13726054107434,41.74991040410159,79.76880919687106,1.9106342606434532,4.0648243374346915,7,TARGET_INTRADAY
69,SPY.US,momentum_breakout,BUY,2017-12-15 14:30:00+00:00,2017-12-18 14:30:00+00:00,2018-01-12 14:30:00+00:00,234.97092994328597,243.16533532630802,230.77638324243696,243.36002334498403,8.604557918498179,36.0922200293007,68.45216013214323,1.8965904584581335,3.487412415229363,18,TARGET_INTRADAY
70,QQQ.US,momentum_breakout,BUY,2017-12-15 14:30:00+00:00,2017-12-18 14:30:00+00:00,2018-01-16 14:30:00+00:00,150.05412617541754,157.11624080132722,146.46017204869113,157.2420344288703,13.477446964303185,48.43732613509365,93.10933916156031,1.9222642245336712,4.706378162273173,19,TARGET_INTRADAY
71,EEM.US,momentum_breakout,BUY,2018-01-02 14:30:00+00:00,2018-01-03 14:30:00+00:00,2018-01-19 14:30:00+00:00,40.04054082718106,41.65572668690092,39.216272266141424,41.68907794926033,50.78885967503485,41.86366028118506,79.95881784503901,1.9099815283226724,4.033876232319544,12,TARGET_INTRADAY
72,IWM.US,volatility_expansion,BUY,2017-12-20 14:30:00+00:00,2017-12-21 14:30:00+00:00,2018-01-24 14:30:00+00:00,137.71141852322828,143.89884290146904,134.56010071244998,144.01405414478486,7.82281023983905,24.652161239143624,47.301554965973175,1.9187589480335703,4.4930365576018705,22,TARGET_INTRADAY
73,GLD.US,momentum_breakout,BUY,2018-01-16 14:30:00+00:00,2018-01-17 14:30:00+00:00,2018-01-24 14:30:00+00:00,126.87141264038085,128.95028146994485,125.7803568158831,129.05352428937636,16.39003825060562,17.882446697064307,31.976275958644237,1.788137635768469,1.6385636340761733,6,TARGET_INTRADAY
74,GLD.US,momentum_breakout,BUY,2018-01-24 14:30:00+00:00,2018-01-25 14:30:00+00:00,2018-01-25 14:30:00+00:00,128.79295444335938,127.299867552839,127.40178898402623,131.57528536202568,16.398672342147652,22.81326654131769,-26.584433834545493,-1.1653058884135572,-1.1592923673297673,1,STOP_INTRADAY
75,EEM.US,momentum_breakout,BUY,2018-01-19 14:30:00+00:00,2018-01-22 14:30:00+00:00,2018-01-26 14:30:00+00:00,41.79838455132469,42.95109112207817,41.20483707414567,42.98547950568272,49.95643695949573,29.651517126161217,55.468222215228415,1.870670629742901,2.7577778020058563,5,TARGET_INTRADAY
76,QQQ.US,momentum_breakout,BUY,2018-01-26 14:30:00+00:00,2018-01-29 14:30:00+00:00,2018-01-30 14:30:00+00:00,161.6237042976235,159.28638060558458,159.41391173497257,166.04328942292537,13.034916094769839,28.804460641001324,-32.5583362273844,-1.130322717483544,-1.4461515420626903,2,STOP_INTRADAY
77,EEM.US,volatility_expansion,BUY,2018-01-31 14:30:00+00:00,2018-02-01 14:30:00+00:00,2018-02-02 14:30:00+00:00,41.93105180656503,41.243131493381185,41.60673249409278,42.579690431509526,49.962703894236455,16.20386977623328,-36.44816245636493,-2.24934925790533,-1.6405987532994382,2,STOP_GAP
78,EFA.US,momentum_breakout,BUY,2018-01-12 14:30:00+00:00,2018-01-16 14:30:00+00:00,2018-02-02 14:30:00+00:00,57.008347210580204,56.29257518382784,56.3376453000679,58.34975103160482,36.53136555638061,24.501656672287947,-28.217648271254575,-1.1516628711547297,-1.2555565312364014,14,STOP_INTRADAY
79,SPY.US,volatility_expansion,BUY,2018-01-31 14:30:00+00:00,2018-02-01 14:30:00+00:00,2018-02-02 14:30:00+00:00,246.33818455769708,243.7148175921419,243.9099455485808,251.1946625759296,8.5023127860648,20.64564757483069,-24.387978446793692,-1.1812648820241083,-1.0649453190805347,2,STOP_INTRADAY
80,IWM.US,mean_reversion,BUY,2018-02-06 14:30:00+00:00,2018-02-07 14:30:00+00:00,2018-02-08 14:30:00+00:00,134.44927412963398,131.59514630991362,131.70050671528585,140.7248116540236,15.453134072332382,42.47707138757996,-46.1608299068366,-1.0867234580662202,-2.1228287309074334,2,STOP_INTRADAY
81,QQQ.US,momentum_breakout,BUY,2018-03-09 14:30:00+00:00,2018-03-12 13:30:00+00:00,2018-03-19 13:30:00+00:00,164.5611344930736,159.8239606526565,159.95192219040882,173.77955909840318,11.219002061782804,51.71076232679091,-54.96600160828895,-1.0629509048991823,-2.8786711121127406,6,STOP_INTRADAY
82,TLT.US,mean_reversion,BUY,2018-04-23 13:30:00+00:00,2018-04-24 13:30:00+00:00,2018-04-25 13:30:00+00:00,92.56184819522925,91.74211360585879,91.81556605870576,93.92653490998906,22.32305943478219,16.65930048873011,-20.356098105939196,-1.2219059329477815,-0.8856074131552427,2,STOP_INTRADAY
83,XLE.US,momentum_breakout,BUY,2018-04-13 13:30:00+00:00,2018-04-16 13:30:00+00:00,2018-05-11 13:30:00+00:00,25.10602225823831,26.95297775537089,24.171754686711502,26.97455740129192,55.054819289822305,51.435932318749465,100.25075171189906,1.9490412089868074,7.3566233556831895,20,TARGET_INTRADAY
84,EEM.US,volatility_expansion,BUY,2018-05-16 13:30:00+00:00,2018-05-17 13:30:00+00:00,2018-05-18 13:30:00+00:00,38.69729294814681,38.122161663991015,38.33496042736425,39.42195798971193,53.70098475252357,19.457613173887616,-32.94775650156143,-1.6933092567477788,-1.4862313106150715,2,STOP_GAP
85,EFA.US,momentum_breakout,BUY,2018-05-11 13:30:00+00:00,2018-05-14 13:30:00+00:00,2018-05-23 13:30:00+00:00,55.709014987562625,54.654744241886746,54.87899467712492,57.36905560843804,37.26139629027167,30.92771571619358,-41.339753936235475,-1.3366572014431124,-1.8924598575495444,8,STOP_GAP
86,XLE.US,momentum_breakout,BUY,2018-05-14 13:30:00+00:00,2018-05-15 13:30:00+00:00,2018-05-25 13:30:00+00:00,27.04238698109531,26.34422475525281,26.410753080343824,28.30565478259828,76.45493909186322,48.29153141031075,-55.418785527339594,-1.1475880741174238,-2.581732989512231,9,STOP_GAP
87,IWM.US,momentum_breakout,BUY,2018-05-09 13:30:00+00:00,2018-05-10 13:30:00+00:00,2018-06-06 13:30:00+00:00,143.1275784942895,149.37816346918672,139.9424869021695,149.49776167852954,14.472787222816859,46.097152897935985,88.34669967737857,1.916532673351597,4.367142266119317,19,TARGET_INTRADAY
88,XLE.US,volatility_expansion,BUY,2018-05-30 13:30:00+00:00,2018-05-31 13:30:00+00:00,2018-06-15 13:30:00+00:00,26.674055307061117,26.208683536989923,26.22966727080657,27.56283137957021,77.24477232749214,34.32665268554387,-37.98999398782285,-1.1067200270249986,-1.7446607376119583,12,STOP_INTRADAY
89,IWM.US,momentum_breakout,BUY,2018-06-06 13:30:00+00:00,2018-06-07 13:30:00+00:00,2018-06-25 13:30:00+00:00,150.52263532990858,148.05137753858344,148.16991346935893,155.22807905100788,13.725622582402085,32.29257229927133,-35.96860885432258,-1.1138353588244254,-1.6417848291778503,13,STOP_INTRADAY
90,TLT.US,momentum_breakout,BUY,2018-06-27 13:30:00+00:00,2018-06-28 13:30:00+00:00,2018-07-20 13:30:00+00:00,96.06486281154451,95.00619117636177,95.08225698194732,98.03007447073891,21.343418640668595,20.972167579854304,-24.634726660395398,-1.174639033690505,-1.1020383563755232,16,STOP_INTRADAY
91,SPY.US,momentum_breakout,BUY,2018-07-10 13:30:00+00:00,2018-07-11 13:30:00+00:00,2018-07-24 13:30:00+00:00,244.97055146093481,249.19138287681687,242.76037939475648,249.3908955932915,8.375797448313863,18.511953552231038,33.283328868567956,1.797937142325894,1.7229954338226383,10,TARGET_INTRADAY
92,TLT.US,mean_reversion,BUY,2018-07-24 13:30:00+00:00,2018-07-25 13:30:00+00:00,2018-08-01 13:30:00+00:00,94.61893141862028,93.31415583527071,93.52573791566498,96.90455469528884,21.687861755781686,23.709029564413303,-30.335725881854636,-1.2795009512910578,-1.378979411188741,6,STOP_GAP
93,SPY.US,momentum_breakout,BUY,2018-07-24 13:30:00+00:00,2018-07-25 13:30:00+00:00,2018-08-21 13:30:00+00:00,248.66523631520857,253.3182784197314,246.23730682482878,253.52109529596817,8.250244608151759,20.03101218697856,36.31799214143104,1.8130882155341135,1.8712073201195834,20,TARGET_INTRADAY
94,EEM.US,mean_reversion,BUY,2018-08-16 13:30:00+00:00,2018-08-17 13:30:00+00:00,2018-08-27 13:30:00+00:00,34.735442212419144,36.166648824209304,34.173077942648014,36.19560530845607,58.992348058451434,33.175188737975404,82.33889817002967,2.481942117054994,4.120306294181719,7,TARGET_GAP
95,SPY.US,momentum_breakout,BUY,2018-08-21 13:30:00+00:00,2018-08-22 13:30:00+00:00,2018-09-20 13:30:00+00:00,252.68686933305415,257.5301133789356,250.16215278914507,257.7363024208723,8.203750087640977,20.712143568362734,37.63991745754687,1.817287396319562,1.9166979505760517,21,TARGET_GAP
96,XLE.US,mean_reversion,BUY,2018-08-16 13:30:00+00:00,2018-08-17 13:30:00+00:00,2018-09-24 13:30:00+00:00,25.646428642500155,26.83094932722718,25.079343624431626,26.852431272244978,79.87828695437084,45.29777980080249,92.5215816299738,2.0425191264745983,4.618657440529916,26,TARGET_GAP
97,SPY.US,momentum_breakout,BUY,2018-09-20 13:30:00+00:00,2018-09-21 13:30:00+00:00,2018-09-26 13:30:00+00:00,260.23247974218873,256.6206403469505,256.82610122793284,267.0452367707005,8.052034360747014,27.428276842498796,-31.163514457166507,-1.136182000645412,-1.3879279784047238,4,STOP_INTRADAY
98,IWM.US,momentum_breakout,BUY,2018-08-21 13:30:00+00:00,2018-08-22 13:30:00+00:00,2018-09-28 13:30:00+00:00,154.21364722514429,151.53408388153647,151.7015164563169,159.23790876279904,13.438766633666079,33.759939155523256,-38.06446265842914,-1.127503888057264,-1.7375656382056626,27,STOP_GAP
99,XLE.US,momentum_breakout,BUY,2018-10-03 13:30:00+00:00,2018-10-04 13:30:00+00:00,2018-10-10 13:30:00+00:00,27.4655863321921,27.047315762007514,27.068970938758522,28.25881711905926,75.80152180938228,30.064050395292085,-33.77162621656271,-1.1233225654069292,-1.5228896449748675,5,STOP_INTRADAY
100,EFA.US,mean_reversion,BUY,2018-10-12 13:30:00+00:00,2018-10-15 13:30:00+00:00,2018-10-23 13:30:00+00:00,50.23747485824404,49.15699518886242,49.572567124588176,52.510994096736155,41.29665435753382,27.458464856437462,-46.672524984088156,-1.69974997612243,-2.1507443844071217,7,STOP_GAP
101,IWM.US,mean_reversion,BUY,2018-10-12 13:30:00+00:00,2018-10-15 13:30:00+00:00,2018-10-23 13:30:00+00:00,139.00560243711075,136.08627356202186,136.19522974581852,149.0301029609941,14.928743012805375,41.95533167850791,-45.635298506915085,-1.0877115418036911,-2.100151953522633,7,STOP_INTRADAY
102,GLD.US,volatility_expansion,BUY,2018-10-15 13:30:00+00:00,2018-10-16 13:30:00+00:00,2018-11-09 14:30:00+00:00,116.58318986206054,114.27650639282226,114.36800079345703,121.01356799926755,17.882169435440694,39.61238625630398,-43.31264073297116,-1.09341155195058,-1.978572958903868,19,STOP_INTRADAY
103,GLD.US,mean_reversion,BUY,2018-11-13 14:30:00+00:00,2018-11-14 14:30:00+00:00,2018-11-16 14:30:00+00:00,113.6208227783203,115.49003378813131,112.59106854030064,115.58249978796168,18.025347583293577,18.561678065674055,31.628276746004442,1.7039556786891121,1.6451306759659001,3,TARGET_GAP
104,GLD.US,momentum_breakout,BUY,2018-12-04 14:30:00+00:00,2018-12-06 14:30:00+00:00,2018-12-26 14:30:00+00:00,117.4739012512207,120.62868679427594,115.84821837288993,120.72526700788224,17.487973556227473,28.429899187060165,53.08884027081429,1.8673594275345728,2.6855203661864113,14,TARGET_INTRADAY
105,EEM.US,momentum_breakout,BUY,2019-01-18 14:30:00+00:00,2019-01-22 14:30:00+00:00,2019-01-25 14:30:00+00:00,34.782853680453925,35.63642495401367,34.34180206090623,35.66495691954931,59.39449142768774,26.196036636393245,48.60617306976532,1.8554781299335354,2.4540001271931455,4,TARGET_INTRADAY
106,GLD.US,volatility_expansion,BUY,2018-12-27 14:30:00+00:00,2018-12-28 14:30:00+00:00,2019-01-30 14:30:00+00:00,120.8966430541992,124.28841686770502,119.1510009765625,124.38792720947261,17.084480168943557,29.823387457457674,55.85226280740377,1.8727672330004645,2.8055152962231267,22,TARGET_INTRADAY
107,EEM.US,momentum_breakout,BUY,2019-01-25 14:30:00+00:00,2019-01-28 14:30:00+00:00,2019-01-30 14:30:00+00:00,35.21489059837352,35.6416994961534,34.9872180552097,35.67023568470116,59.116548857079295,13.459215021359448,23.137070523155764,1.7190505156829572,1.2120125620938005,3,TARGET_INTRADAY
108,GLD.US,momentum_breakout,BUY,2019-01-30 14:30:00+00:00,2019-01-31 14:30:00+00:00,2019-02-06 14:30:00+00:00,125.28014430541991,123.44473770403181,123.54357256208148,128.75328779209678,16.72181113353558,29.03862471193986,-32.77088779224273,-1.1285275427926265,-1.4650418959556544,5,STOP_INTRADAY
109,EEM.US,momentum_breakout,BUY,2019-01-30 14:30:00+00:00,2019-01-31 14:30:00+00:00,2019-02-08 14:30:00+00:00,36.24838335207546,35.39781412777795,35.42615505181941,37.89283995258756,57.77820441293048,47.50687480629045,-51.21415683050925,-1.07803674814088,-2.3465025075354418,7,STOP_INTRADAY
110,QQQ.US,momentum_breakout,BUY,2019-01-31 14:30:00+00:00,2019-02-01 14:30:00+00:00,2019-02-25 14:30:00+00:00,159.89333835012508,166.36302858502663,156.59189474244812,166.49622556547902,13.09281810636038,43.22520064372061,82.57066981589998,1.9102437602656943,4.0462537724583525,16,TARGET_INTRADAY
111,XLE.US,momentum_breakout,BUY,2019-02-15 14:30:00+00:00,2019-02-19 14:30:00+00:00,2019-03-08 14:30:00+00:00,23.612939251098254,22.958843902233777,23.13719308092018,24.564431591454404,88.55953794182248,42.13186100856183,-59.988569663926164,-1.4238290981671944,-2.770071704792343,14,STOP_GAP
112,QQQ.US,momentum_breakout,BUY,2019-02-25 14:30:00+00:00,2019-02-26 14:30:00+00:00,2019-03-08 14:30:00+00:00,165.40688687899646,161.71744765242354,163.02612625604536,170.16840812489863,12.7073515209781,30.25316212314244,-48.961443122325996,-1.6183909279642699,-2.2305233453017714,9,STOP_GAP
113,EFA.US,momentum_breakout,BUY,2019-02-15 14:30:00+00:00,2019-02-19 14:30:00+00:00,2019-03-15 13:30:00+00:00,50.554350923154054,51.60614509258146,50.00779485321514,51.647463063031886,41.37516404410941,22.61384705302638,41.40470265995728,1.8309446669055873,2.080521557929216,19,TARGET_GAP
114,TLT.US,momentum_breakout,BUY,2018-12-18 14:30:00+00:00,2018-12-19 14:30:00+00:00,2019-03-22 13:30:00+00:00,96.00783327347308,99.23221181631604,94.3559193375935,99.31166114523222,21.423819972916977,35.39030677303678,66.98711163764996,1.8928095782624357,3.3584536104033225,64,TARGET_GAP
115,EFA.US,momentum_breakout,BUY,2019-03-15 13:30:00+00:00,2019-03-18 13:30:00+00:00,2019-03-22 13:30:00+00:00,52.08509709689733,51.370157630835024,51.41128666016316,53.432717970365665,39.99240767865059,26.947301684002607,-30.660862954105518,-1.1378082790496047,-1.3726372914929064,5,STOP_INTRADAY
116,QQQ.US,momentum_breakout,BUY,2019-03-21 13:30:00+00:00,2019-03-22 13:30:00+00:00,2019-03-22 13:30:00+00:00,174.01728998217143,171.36551651825056,171.50271869320514,179.04643256010402,11.985205928002026,30.137654718902528,-33.85179306945236,-1.1232391300913107,-1.5238563157675689,1,STOP_INTRADAY
117,XLE.US,momentum_breakout,BUY,2019-03-18 13:30:00+00:00,2019-03-19 13:30:00+00:00,2019-03-25 13:30:00+00:00,24.145391111726287,23.46309575785662,23.481881262866914,25.472410809445034,78.52433647739767,52.1016706279007,-55.446002365290205,-1.0641885700992972,-2.8257788441385268,5,STOP_INTRADAY
118,TLT.US,momentum_breakout,BUY,2019-03-27 13:30:00+00:00,2019-03-28 13:30:00+00:00,2019-04-01 13:30:00+00:00,101.35743744493163,99.92408366849916,100.00408693804961,104.0641384586957,20.357496666772853,27.55082843282614,-31.228288673605086,-1.1334791165988076,-1.4141574733588014,3,STOP_INTRADAY
119,QQQ.US,volatility_expansion,BUY,2019-03-26 13:30:00+00:00,2019-03-27 13:30:00+00:00,2019-04-16 13:30:00+00:00,171.66233101646077,178.6296805815935,168.10714715439815,178.77269874058598,12.036019139385107,42.790261007818756,81.75109203874017,1.910506973159205,4.058752740847171,15,TARGET_INTRADAY
120,EEM.US,momentum_breakout,BUY,2019-04-05 13:30:00+00:00,2019-04-08 13:30:00+00:00,2019-04-25 13:30:00+00:00,37.4258815548324,36.790921721782105,36.9020041959621,38.473636272573,55.36228491295288,29.003047601222878,-37.20723308977572,-1.2828732208199707,-1.6965794970521197,13,STOP_GAP
121,EFA.US,momentum_breakout,BUY,2019-04-03 13:30:00+00:00,2019-04-04 13:30:00+00:00,2019-05-07 13:30:00+00:00,52.61129384495863,52.02030109053761,52.06195065105845,53.70998023275898,39.340088913270506,21.611210091933003,-25.307815629971564,-1.1710503725757784,-1.1233191796473085,23,STOP_INTRADAY
122,QQQ.US,momentum_breakout,BUY,2019-04-16 13:30:00+00:00,2019-04-17 13:30:00+00:00,2019-05-09 13:30:00+00:00,179.73231994113036,175.57410788097923,176.3083856539538,186.58018851548348,11.621803029888383,39.79228987284732,-50.390572179283716,-1.2663400960412747,-2.3135583302508533,16,STOP_GAP
123,IWM.US,momentum_breakout,BUY,2019-04-05 13:30:00+00:00,2019-04-08 13:30:00+00:00,2019-05-09 13:30:00+00:00,143.02494983267155,139.9862619571135,140.09834062961718,148.8781682387803,14.483094521477625,42.386357715262726,-46.05904278847002,-1.0866478100779302,-2.124585870586282,23,STOP_INTRADAY
124,QQQ.US,mean_reversion,BUY,2019-05-14 13:30:00+00:00,2019-05-15 13:30:00+00:00,2019-05-16 13:30:00+00:00,171.69102276422024,176.52828176578265,168.6934082528611,176.66961745975047,11.924868616555456,35.74615921103772,55.60744332974773,1.5556200877821087,2.8174210414048995,2,TARGET_INTRADAY
125,TLT.US,momentum_breakout,BUY,2019-05-07 13:30:00+00:00,2019-05-08 13:30:00+00:00,2019-05-28 13:30:00+00:00,100.90711464157191,103.14256778889094,99.7480980087495,103.22514790721672,20.40510391799163,23.649854835422115,43.532826287632965,1.8407227693605406,2.2153573167357887,14,TARGET_GAP
126,XLE.US,mean_reversion,BUY,2019-05-24 13:30:00+00:00,2019-05-28 13:30:00+00:00,2019-05-29 13:30:00+00:00,22.30419846068138,21.719588097631256,21.767508594510527,23.186415756742143,92.55077187030749,49.67106136908449,-56.14335805698248,-1.1303031686761253,-2.621077659798876,2,STOP_GAP
127,TLT.US,momentum_breakout,BUY,2019-05-29 13:30:00+00:00,2019-05-30 13:30:00+00:00,2019-06-03 13:30:00+00:00,104.27738388817278,106.84963486966966,102.94848432421792,106.93518301608252,19.688277892307646,26.1637439061098,48.56482842453221,1.856188036345642,2.4667390814631096,3,TARGET_INTRADAY
128,TLT.US,momentum_breakout,BUY,2019-06-03 13:30:00+00:00,2019-06-04 13:30:00+00:00,2019-06-04 13:30:00+00:00,106.15577379380011,105.69172872098352,105.77634980082418,106.91462177975197,19.43139787728219,7.372738571702419,-11.075290998228173,-1.5021949972207964,-0.4371359712548095,1,STOP_INTRADAY
129,GLD.US,momentum_breakout,BUY,2019-06-05 13:30:00+00:00,2019-06-06 13:30:00+00:00,2019-06-20 13:30:00+00:00,126.03074430541992,129.94318988074636,124.02250262669155,130.04722766287665,16.349502898792586,32.833753147845535,61.874016985671894,1.8844637317903423,3.1043580650806257,11,TARGET_GAP
130,TLT.US,momentum_breakout,BUY,2019-06-20 13:30:00+00:00,2019-06-21 13:30:00+00:00,2019-06-21 13:30:00+00:00,107.06065107849712,105.98433853008318,106.06919388519134,109.04356546510867,19.362060681246174,19.196654339644475,-22.902123882695776,-1.1930268409010654,-1.0053297243865833,1,STOP_INTRADAY
131,TLT.US,momentum_breakout,BUY,2019-07-02 13:30:00+00:00,2019-07-03 13:30:00+00:00,2019-07-05 13:30:00+00:00,108.08827640796855,106.54769172244714,106.6329981209439,110.99883298201784,19.145381991766367,27.861858709410427,-31.549726094487344,-1.1323625757900828,-1.4253022961589479,2,STOP_INTRADAY
132,EEM.US,momentum_breakout,BUY,2019-07-01 13:30:00+00:00,2019-07-02 13:30:00+00:00,2019-07-08 13:30:00+00:00,37.02836954445974,36.330006779272686,36.39678656405011,38.291535505279,55.70299232172306,35.18106190828872,-40.94403628353935,-1.1638089944605357,-1.8860208369383846,4,STOP_GAP
133,EFA.US,momentum_breakout,BUY,2019-07-01 13:30:00+00:00,2019-07-02 13:30:00+00:00,2019-07-09 13:30:00+00:00,53.89285618749639,53.12365652933602,53.18062334450757,55.31732187347403,38.28201508616996,27.26570844016367,-31.494916795119778,-1.15511089191896,-1.4272757329548136,5,STOP_GAP
134,QQQ.US,momentum_breakout,BUY,2019-07-10 13:30:00+00:00,2019-07-11 13:30:00+00:00,2019-07-31 13:30:00+00:00,185.02264929360635,181.52201743236088,181.66735131341161,191.73324525399582,11.077134780099028,37.167087954011116,-40.807103280649955,-1.0979365219880242,-1.8920018033524277,15,STOP_INTRADAY
135,GLD.US,momentum_breakout,BUY,2019-06-21 13:30:00+00:00,2019-06-24 13:30:00+00:00,2019-08-05 13:30:00+00:00,132.8762202758789,138.3507533736537,130.0835691179548,138.4615225917271,15.565873214069077,43.470053855369706,83.10494576415539,1.911774621689127,4.1200247014917535,30,TARGET_INTRADAY
136,QQQ.US,mean_reversion,BUY,2019-08-06 13:30:00+00:00,2019-08-07 13:30:00+00:00,2019-08-08 13:30:00+00:00,173.91267656895116,178.083480879372,171.85364643211074,178.22606172875498,11.863145265599677,24.42657361958548,47.39096663454046,1.9401397581420055,2.3982175380799386,2,TARGET_INTRADAY
137,EEM.US,mean_reversion,BUY,2019-08-06 13:30:00+00:00,2019-08-07 13:30:00+00:00,2019-08-14 13:30:00+00:00,33.46892978591389,33.13313073363641,33.159658460404735,34.568985739706825,61.67583152393252,19.074566167286132,-22.764554506037328,-1.1934507084664245,-1.0033157750350519,6,STOP_INTRADAY
138,EFA.US,mean_reversion,BUY,2019-08-06 13:30:00+00:00,2019-08-07 13:30:00+00:00,2019-08-14 13:30:00+00:00,50.71647582625113,50.17885123818134,50.21902645934882,52.25710229725071,40.69067510886102,20.24155057173046,-23.92905693047359,-1.182175093043175,-1.0600590425715484,6,STOP_INTRADAY
139,TLT.US,momentum_breakout,BUY,2019-08-15 13:30:00+00:00,2019-08-16 13:30:00+00:00,2019-08-19 13:30:00+00:00,118.4751206547981,116.2692155123135,116.77207110209761,121.88121976019907,17.461301254794158,29.737461291545724,-40.56744501825872,-1.3641865598591607,-1.861914240131457,2,STOP_GAP
140,GLD.US,momentum_breakout,BUY,2019-08-05 13:30:00+00:00,2019-08-06 13:30:00+00:00,2019-08-27 13:30:00+00:00,138.44066583251953,145.08584513463308,135.05999537876673,145.2020067400251,14.851100421088605,50.20667639929,96.58288478862075,1.9237060031718527,4.800019750087481,16,TARGET_INTRADAY
141,GLD.US,momentum_breakout,BUY,2019-08-27 13:30:00+00:00,2019-08-28 13:30:00+00:00,2019-09-05 13:30:00+00:00,145.50631138916015,142.87240843941825,142.98679787772042,150.5453384120396,14.283490125894602,35.98744636270736,-39.68085407379783,-1.1026304471249684,-1.810164057212238,6,STOP_INTRADAY
142,TLT.US,volatility_expansion,BUY,2019-08-20 13:30:00+00:00,2019-08-21 13:30:00+00:00,2019-09-10 13:30:00+00:00,117.3882205451672,115.10513490287529,115.19729273706494,121.77007616137173,17.525267111090606,38.39659505810835,-42.04893979655189,-1.0951215786950947,-1.9449018237851612,14,STOP_INTRADAY
143,EFA.US,mean_reversion,BUY,2019-10-03 13:30:00+00:00,2019-10-04 13:30:00+00:00,2019-10-11 13:30:00+00:00,51.89743705410565,53.12725417724531,51.233232797584954,53.169790009252715,39.52011789565763,26.249430524495597,46.52722360686888,1.7725041144588007,2.369706854420417,6,TARGET_GAP
144,EFA.US,momentum_breakout,BUY,2019-10-15 13:30:00+00:00,2019-10-16 13:30:00+00:00,2019-11-04 14:30:00+00:00,53.77068594097309,55.43289803884577,52.91738898009165,55.47727986273596,38.31638446725038,32.69525441786944,61.59781455371832,1.8839986307019625,3.091297923365488,14,TARGET_GAP
145,EEM.US,momentum_breakout,BUY,2019-11-07 14:30:00+00:00,2019-11-08 14:30:00+00:00,2019-11-11 14:30:00+00:00,37.327124631221515,36.76464029392221,37.10051692163424,37.78034005039607,55.353262554314306,12.543476045616371,-33.1859536637248,-2.645674416169707,-1.5069050800361472,2,STOP_GAP
146,EFA.US,momentum_breakout,BUY,2019-11-01 13:30:00+00:00,2019-11-04 14:30:00+00:00,2019-12-03 14:30:00+00:00,55.774266718843506,54.6686589508614,54.80774392847635,57.70731229957781,37.160826316925885,35.91678554418452,-43.13737342999971,-1.201036584327194,-1.9822901008370808,21,STOP_GAP
147,EFA.US,momentum_breakout,BUY,2019-12-06 14:30:00+00:00,2019-12-09 14:30:00+00:00,2019-12-13 14:30:00+00:00,55.84755985725076,56.817315547647404,55.33993688973552,56.86280579228123,37.133444842620285,18.84978946507436,33.918551971886764,1.7994127751258129,1.7364334142358162,5,TARGET_INTRADAY
148,QQQ.US,momentum_breakout,BUY,2019-11-01 13:30:00+00:00,2019-11-04 14:30:00+00:00,2019-12-16 14:30:00+00:00,192.45212497819745,200.9334074691779,188.13104601954902,201.0942828954943,10.766725611227178,46.523871492214894,89.19790436804813,1.9172502525499007,4.40695705071652,30,TARGET_INTRADAY
149,EEM.US,momentum_breakout,BUY,2019-12-11 14:30:00+00:00,2019-12-12 14:30:00+00:00,2019-12-18 14:30:00+00:00,37.39541167778817,38.61650675824291,36.7694051676816,38.647424698001316,55.46097384220875,34.7189306820729,65.615274805912,1.8898990699558729,3.265360710496057,5,TARGET_GAP
150,QQQ.US,momentum_breakout,BUY,2019-12-16 14:30:00+00:00,2019-12-17 14:30:00+00:00,2020-01-02 14:30:00+00:00,201.44064844393864,207.68499885663357,198.23533272563895,207.85127988053802,10.458791898745764,33.52373006747523,63.1688815064453,1.8843034882843137,3.0998462628721857,11,TARGET_INTRADAY
151,GLD.US,momentum_breakout,BUY,2020-01-06 14:30:00+00:00,2020-01-07 14:30:00+00:00,2020-01-09 14:30:00+00:00,147.6880633300781,145.77114252275737,145.8878528050014,151.28848438023152,14.392765869829248,25.910008603831628,-29.701637191864357,-1.1463383762625232,-1.297952430343996,3,STOP_INTRADAY
152,EEM.US,momentum_breakout,BUY,2019-12-17 14:30:00+00:00,2019-12-18 14:30:00+00:00,2020-01-13 14:30:00+00:00,38.76087458386748,40.29218913538316,37.97908752863191,40.324448694338635,54.3887466886094,42.52041811164161,81.1364807141753,1.9081769257570178,3.950670793566191,17,TARGET_INTRADAY
153,IWM.US,momentum_breakout,BUY,2019-11-01 13:30:00+00:00,2019-11-04 14:30:00+00:00,2020-01-14 14:30:00+00:00,146.37527100143853,153.8971958838536,142.55270039534557,154.02041221362452,13.548086881979993,51.788518683850434,99.8736330918724,1.9284898589504682,5.138794846255923,49,TARGET_INTRADAY
154,EEM.US,momentum_breakout,BUY,2020-01-13 14:30:00+00:00,2020-01-14 14:30:00+00:00,2020-01-15 14:30:00+00:00,40.12962720791449,39.72228549450861,39.754088765521026,40.880704092701414,53.237630779462265,19.992776939637537,-23.81147106211835,-1.1910036876823198,-1.0150647831723147,2,STOP_INTRADAY
155,EFA.US,momentum_breakout,BUY,2019-12-16 14:30:00+00:00,2019-12-17 14:30:00+00:00,2020-01-17 14:30:00+00:00,57.07796107970893,57.878837221792004,56.65435293772192,57.92517736368295,36.901779196817664,15.631894121578842,27.432699365101318,1.754918447613601,1.403126753187034,22,TARGET_INTRADAY
156,EFA.US,momentum_breakout,BUY,2020-01-17 14:30:00+00:00,2020-01-21 14:30:00+00:00,2020-01-23 14:30:00+00:00,57.70392808556698,57.315639817797425,57.37533222744781,58.36111980180533,37.058295302864444,12.177202345478428,-16.520515846127186,-1.3566758092232485,-0.6728974623595341,3,STOP_GAP
157,IWM.US,momentum_breakout,BUY,2020-01-16 14:30:00+00:00,2020-01-17 14:30:00+00:00,2020-01-23 14:30:00+00:00,156.93996937295506,153.47596196151954,153.59884103434703,163.62222605017112,13.668997731056765,45.66987567960262,-49.471046777823304,-1.0832314746133278,-2.2072181008291003,4,STOP_INTRADAY
158,XLE.US,mean_reversion,BUY,2020-01-28 14:30:00+00:00,2020-01-29 14:30:00+00:00,2020-01-30 14:30:00+00:00,21.303464470340362,20.710995370542417,20.756282866012217,23.17330831964994,97.13456150270929,53.150245198763336,-59.589754279486996,-1.12115671445432,-2.781092721434142,2,STOP_GAP
159,GLD.US,momentum_breakout,BUY,2020-01-27 14:30:00+00:00,2020-01-28 14:30:00+00:00,2020-02-04 14:30:00+00:00,148.47868861083984,146.85242521972657,147.32500294276647,150.7860599469866,14.308859328458128,16.507925933720017,-25.382899776020274,-1.537618952128428,-1.0952840480533022,6,STOP_GAP
160,QQQ.US,momentum_breakout,BUY,2020-01-09 14:30:00+00:00,2020-01-10 14:30:00+00:00,2020-02-05 14:30:00+00:00,211.81039842270408,219.47340519810808,207.891035385203,219.64912449770625,10.057820015007588,39.42024800465935,74.90425548469412,1.9001467336238136,3.617861461225891,18,TARGET_GAP
161,TLT.US,momentum_breakout,BUY,2020-01-27 14:30:00+00:00,2020-01-28 14:30:00+00:00,2020-02-05 14:30:00+00:00,117.75282995693351,116.21512763688777,116.30817417622876,120.64214151834301,18.037855696001692,26.05849250274694,-29.846992680674838,-1.1453844721650162,-1.3058729209379782,7,STOP_INTRADAY
162,GLD.US,momentum_breakout,BUY,2020-02-18 14:30:00+00:00,2020-02-19 14:30:00+00:00,2020-02-21 14:30:00+00:00,151.12079999999997,154.96046764312769,149.13893236432756,155.08453527134478,14.053705160221018,27.852583418324453,51.81076902449599,1.8601782192458758,2.5407936188319047,3,TARGET_INTRADAY
163,SPY.US,volatility_expansion,BUY,2020-02-04 14:30:00+00:00,2020-02-05 14:30:00+00:00,2020-02-24 14:30:00+00:00,302.36200409128736,293.5837684932837,294.54425856093434,317.9974951519934,6.775755825213097,52.97113481732315,-61.49817250831689,-1.1609751748834565,-2.9032204705699116,13,STOP_GAP
164,GLD.US,momentum_breakout,BUY,2020-02-24 14:30:00+00:00,2020-02-25 14:30:00+00:00,2020-02-25 14:30:00+00:00,155.24409111328123,153.8132751159668,153.9364242553711,157.8594248291015,13.668718518155284,17.8741301962942,-21.669630191039523,-1.212345996871626,-0.921655688827705,1,STOP_INTRADAY
165,TLT.US,momentum_breakout,BUY,2020-02-20 14:30:00+00:00,2020-02-21 14:30:00+00:00,2020-02-28 14:30:00+00:00,121.1198964897252,126.33313376895921,118.46270413763064,126.43428119391434,17.586188526861854,46.72988565607057,89.50509580703738,1.9153715989332831,4.304195619648876,6,TARGET_GAP
166,GLD.US,volatility_expansion,BUY,2020-02-26 14:30:00+00:00,2020-02-27 14:30:00+00:00,2020-02-28 14:30:00+00:00,155.70446583251953,151.60361999999998,151.725,163.6633974975586,13.348681831897679,53.120623259211115,-56.79196519104097,-1.0691133067832228,-2.633736810690157,2,STOP_INTRADAY
167,TLT.US,momentum_breakout,BUY,2020-02-28 14:30:00+00:00,2020-03-02 14:30:00+00:00,2020-03-03 14:30:00+00:00,127.45399791544469,124.94234113083571,125.04237503086041,132.27724368461324,16.616262336518652,40.07215850700417,-43.831289923544574,-1.0938090573754182,-1.9706378973496363,2,STOP_INTRADAY
168,TLT.US,momentum_breakout,BUY,2020-04-21 13:30:00+00:00,2020-04-22 13:30:00+00:00,2020-04-30 13:30:00+00:00,139.69517700825057,137.28720436338452,137.39712206103334,144.29128690268502,15.097463293896384,34.694800212969035,-38.445144286478914,-1.1080952779808193,-1.7237335579050272,7,STOP_INTRADAY
169,GLD.US,momentum_breakout,BUY,2020-05-15 13:30:00+00:00,2020-05-18 13:30:00+00:00,2020-05-26 13:30:00+00:00,164.4614658325195,160.57000322745188,160.69856207711356,171.9872733433314,12.793254521234475,48.13978548181728,-51.86357672204383,-1.0773537148733878,-2.36618504241628,6,STOP_INTRADAY
170,XLE.US,momentum_breakout,BUY,2020-05-20 13:30:00+00:00,2020-05-21 13:30:00+00:00,2020-06-05 13:30:00+00:00,15.458785481874587,17.650555498572533,14.355834598626267,17.66468724837123,47.7540922314318,52.67041820537946,103.87543426602944,1.9721778904618643,14.178151441895581,11,TARGET_INTRADAY
171,QQQ.US,momentum_breakout,BUY,2020-05-07 13:30:00+00:00,2020-05-08 13:30:00+00:00,2020-06-09 13:30:00+00:00,215.8340509355021,234.35192717363716,206.48129699290627,234.5395588206937,5.6169385810226435,52.53384445897813,102.74943998604503,1.955871325318263,8.579682472655259,22,TARGET_INTRADAY
172,XLE.US,momentum_breakout,BUY,2020-06-05 13:30:00+00:00,2020-06-08 13:30:00+00:00,2020-06-11 13:30:00+00:00,18.200402034218598,15.598305017851652,16.61585750913801,21.369491084379774,33.58646938365609,53.219256178659045,-87.96284139331703,-1.652838609732208,-14.296920537660318,4,STOP_GAP
173,QQQ.US,momentum_breakout,BUY,2020-06-09 13:30:00+00:00,2020-06-10 13:30:00+00:00,2020-06-11 13:30:00+00:00,236.59196539095925,228.6719241878326,228.8550081943881,252.06587978410155,6.874284051512508,53.186041463624015,-56.04379099791361,-1.0537311944195757,-3.3475529019081796,2,STOP_INTRADAY
174,QQQ.US,volatility_expansion,BUY,2020-06-12 13:30:00+00:00,2020-06-15 13:30:00+00:00,2020-06-16 13:30:00+00:00,224.41724980910354,231.66387359092545,220.70119817696323,231.84935307338415,9.373186389086367,34.8312445795197,65.78648870951652,1.8887205870386292,3.229085013734956,2,TARGET_GAP
175,EEM.US,momentum_breakout,BUY,2020-07-06 13:30:00+00:00,2020-07-07 13:30:00+00:00,2020-07-09 13:30:00+00:00,37.34602884383898,38.309436929810765,36.848988757246275,38.34010901702439,8.328123660257356,4.1394113052490695,7.7083476379962175,1.8621845160014616,2.5796801314545093,3,TARGET_GAP
176,QQQ.US,volatility_expansion,BUY,2020-06-15 13:30:00+00:00,2020-06-16 13:30:00+00:00,2020-07-13 13:30:00+00:00,235.36582027307944,259.5671510282117,223.16124490711127,259.77497100501574,4.335796096255408,52.916550228219705,103.8590711898503,1.9626954278373123,10.282432142038743,19,TARGET_INTRADAY
177,GLD.US,momentum_breakout,BUY,2020-06-22 13:30:00+00:00,2020-06-23 13:30:00+00:00,2020-07-22 13:30:00+00:00,165.76250888671873,173.44009219808447,161.8542856488909,173.5789553623744,12.806032363906182,50.04883326899335,96.14746061822903,1.9210729669056057,4.631676585332434,21,TARGET_GAP
178,GLD.US,momentum_breakout,BUY,2020-07-21 13:30:00+00:00,2020-07-22 13:30:00+00:00,2020-07-27 13:30:00+00:00,174.1892430541992,181.0020962195019,170.71035766601562,181.14701383056638,12.439201970193013,43.27455797476893,82.53730811282456,1.9072940770636555,3.9111790405925717,4,TARGET_GAP
179,EEM.US,momentum_breakout,BUY,2020-07-29 13:30:00+00:00,2020-07-30 13:30:00+00:00,2020-07-30 13:30:00+00:00,38.25798191054616,37.821923611375134,37.85220537567567,39.06953498028712,57.034003503169565,23.143060311307156,-27.039721361535328,-1.1683727647861832,-1.13978385004887,1,STOP_INTRADAY
180,GLD.US,momentum_breakout,BUY,2020-07-27 13:30:00+00:00,2020-07-28 13:30:00+00:00,2020-08-04 13:30:00+00:00,182.1656202758789,187.69374159389227,179.3264220101493,187.84401680733814,11.982345467794055,34.020254471533896,64.02396809610255,1.8819367782705434,3.0346677433652713,6,TARGET_INTRADAY
181,GLD.US,momentum_breakout,BUY,2020-08-04 13:30:00+00:00,2020-08-05 13:30:00+00:00,2020-08-11 13:30:00+00:00,191.80331389160153,183.42315131835937,185.76070513044084,203.88853141392286,9.085875054013519,54.90238820419347,-77.84574046272712,-1.417893519917613,-4.369143787566799,5,STOP_GAP
182,SPY.US,momentum_breakout,BUY,2020-08-03 13:30:00+00:00,2020-08-04 13:30:00+00:00,2020-08-12 13:30:00+00:00,301.4239525724394,310.4289815732131,296.79716706261576,310.67752359208674,7.240311479714218,33.49936824095166,62.984211937965284,1.880161186471856,2.9874961574626546,7,TARGET_INTRADAY
183,TLT.US,momentum_breakout,BUY,2020-07-09 13:30:00+00:00,2020-07-10 13:30:00+00:00,2020-08-13 13:30:00+00:00,138.55390834018155,135.6184635088176,135.72704514493356,144.2076347306775,1.730802263748808,4.892741217643419,-5.31794364016128,-1.0869047439060469,-2.118630117713294,25,STOP_INTRADAY
184,QQQ.US,momentum_breakout,BUY,2020-08-17 13:30:00+00:00,2020-08-18 13:30:00+00:00,2020-08-27 13:30:00+00:00,267.34340413384365,282.3631576889674,259.7204916646529,282.5892290722252,7.227501659638345,55.09461252235389,106.56879120307175,1.9342869715225406,5.618150035825931,8,TARGET_GAP
185,SPY.US,momentum_breakout,BUY,2020-08-18 13:30:00+00:00,2020-08-19 13:30:00+00:00,2020-08-28 13:30:00+00:00,311.7116489631554,321.8294233639897,306.5239269255229,322.08709303842045,0.4555160188236972,2.3630904893463196,4.464514260910463,1.8892692772613382,3.2458762559849585,8,TARGET_INTRADAY
186,QQQ.US,momentum_breakout,BUY,2020-08-26 13:30:00+00:00,2020-08-27 13:30:00+00:00,2020-09-03 13:30:00+00:00,283.3498950778703,275.265036003487,275.4854243429614,299.0788365476882,7.053709087597306,55.47368869197021,-58.9983975328391,-1.063538389531668,-2.8533128879971614,6,STOP_INTRADAY
187,SPY.US,momentum_breakout,BUY,2020-09-01 13:30:00+00:00,2020-09-02 13:30:00+00:00,2020-09-03 13:30:00+00:00,326.07222415986666,319.9304076056701,320.186556851151,337.84355877729797,0.6888805410067391,4.054521679813718,-4.453487231850287,-1.098400152605646,-1.8835755084693595,2,STOP_INTRADAY
188,GLD.US,volatility_expansion,BUY,2020-08-13 13:30:00+00:00,2020-08-14 13:30:00+00:00,2020-09-21 13:30:00+00:00,183.58675444335935,177.56283630493164,177.7050003051758,195.3502627197265,9.308786802307784,54.75199529594238,-57.756301937186684,-1.0548711809497644,-3.281237884885768,26,STOP_INTRADAY
189,GLD.US,mean_reversion,BUY,2020-09-24 13:30:00+00:00,2020-09-25 13:30:00+00:00,2020-10-01 13:30:00+00:00,174.54953166503904,178.99402788295495,172.24625205993652,179.13733775315748,12.474868698858776,28.733110650413195,53.23930200873123,1.8528902998522239,2.5462664812214486,5,TARGET_INTRADAY
190,TLT.US,mean_reversion,BUY,2020-10-06 13:30:00+00:00,2020-10-07 13:30:00+00:00,2020-10-13 13:30:00+00:00,132.06435266860674,133.48666863641108,131.17875607681984,133.59354347118804,16.644664186333245,14.740457874854314,21.463967863982838,1.4561262646120465,1.0769870438644302,5,TARGET_INTRADAY
191,EFA.US,volatility_expansion,BUY,2020-06-16 13:30:00+00:00,2020-06-17 13:30:00+00:00,2020-11-09 14:30:00+00:00,51.723479439298565,55.710403594916606,49.70771535844915,55.7550076009974,26.25450462144059,52.92288737639491,103.26440697969642,1.9512239807564853,7.708151498773397,102,TARGET_GAP
192,IWM.US,momentum_breakout,BUY,2020-11-05 14:30:00+00:00,2020-11-06 14:30:00+00:00,2020-11-17 14:30:00+00:00,154.33946676924774,166.20079757518266,148.3422678204135,166.33386466691618,9.209865894514916,55.23339806148916,107.76519962893693,1.9510876283397625,7.685222097902389,8,TARGET_INTRADAY
193,XLE.US,volatility_expansion,BUY,2020-11-10 14:30:00+00:00,2020-11-11 14:30:00+00:00,2020-11-24 14:30:00+00:00,13.910667054802904,15.80494820974887,12.957199436413287,15.817602291582137,6.76220584668682,6.447544303700823,12.709047547604353,1.971145439095237,13.617471739372355,10,TARGET_GAP
194,EEM.US,momentum_breakout,BUY,2020-11-05 14:30:00+00:00,2020-11-06 14:30:00+00:00,2020-11-24 14:30:00+00:00,41.80054113881769,43.64546839629789,40.860605344987,43.68041272647908,52.86798104202633,49.692507728962994,95.27890026627125,1.9173695315589494,4.413644434298791,13,TARGET_INTRADAY
195,IWM.US,momentum_breakout,BUY,2020-11-17 14:30:00+00:00,2020-11-18 14:30:00+00:00,2020-12-15 14:30:00+00:00,166.75226327723757,181.04860892344848,159.53161302862233,181.19356377446806,7.805791339070214,56.36288917309605,110.23686050757469,1.9558411948866976,8.57340426165143,19,TARGET_INTRADAY
196,EFA.US,momentum_breakout,BUY,2020-11-24 14:30:00+00:00,2020-11-25 14:30:00+00:00,2020-12-16 14:30:00+00:00,59.21637302556643,61.06857456779281,58.2658252670362,61.11746854262691,38.35361827261296,36.456945880556496,68.73194943252692,1.8852909307793546,3.1278537465080802,15,TARGET_INTRADAY
197,EFA.US,momentum_breakout,BUY,2020-12-16 14:30:00+00:00,2020-12-17 14:30:00+00:00,2020-12-21 14:30:00+00:00,61.714298375554854,59.69567393809982,60.18359711539877,64.77570089586703,33.70940544192581,51.59902938906825,-70.09295858785804,-1.3584162225095633,-3.2709185562978305,3,STOP_GAP
198,SPY.US,momentum_breakout,BUY,2020-11-09 14:30:00+00:00,2020-11-10 14:30:00+00:00,2020-12-21 14:30:00+00:00,326.2882329367093,344.9817081627146,316.8033921579089,345.25791449431006,5.861891933308197,55.59911164996264,107.6116757064157,1.9354927176518657,5.729129444159686,29,TARGET_INTRADAY
199,QQQ.US,momentum_breakout,BUY,2020-12-28 14:30:00+00:00,2020-12-29 14:30:00+00:00,2021-01-04 14:30:00+00:00,304.28825346084466,296.6775860131046,296.9151181075907,319.03452416735263,7.572735215178387,55.834801735863195,-59.909046980364856,-1.0729696375349487,-2.5011374448995594,4,STOP_INTRADAY
200,IWM.US,momentum_breakout,BUY,2020-12-15 14:30:00+00:00,2020-12-16 14:30:00+00:00,2021-01-06 14:30:00+00:00,182.40697133139557,192.75660272758614,177.15499126071117,192.91093147276436,10.985197050070486,57.69403597951121,111.63211738922628,1.9348987376939621,5.673923162392436,14,TARGET_INTRADAY
201,EEM.US,momentum_breakout,BUY,2021-01-05 14:30:00+00:00,2021-01-06 14:30:00+00:00,2021-01-08 14:30:00+00:00,46.82185791887998,47.91430097918494,46.25645532348363,47.95266310967268,49.069531510112164,27.744040470700384,51.28133970353974,1.8483731581092655,2.333190327896939,3,TARGET_GAP
202,EFA.US,momentum_breakout,BUY,2020-12-29 14:30:00+00:00,2020-12-30 14:30:00+00:00,2021-01-29 14:30:00+00:00,62.25410358316751,60.88963859790913,60.93838930935662,64.8855321307893,36.88574126929758,48.531096288110255,-52.600426523768675,-1.0838499549134515,-2.191767139391132,21,STOP_INTRADAY
203,SPY.US,momentum_breakout,BUY,2021-01-07 14:30:00+00:00,2021-01-08 14:30:00+00:00,2021-01-29 14:30:00+00:00,352.80036679120946,343.8922414478656,344.16757550827225,370.0659493570838,6.604086639861981,57.01170157636257,-61.13054073927411,-1.0722455048529764,-2.52497621370551,15,STOP_INTRADAY
204,IWM.US,momentum_breakout,BUY,2021-01-07 14:30:00+00:00,2021-01-08 14:30:00+00:00,2021-02-08 14:30:00+00:00,195.67171051077145,209.1620337445844,188.842817094928,209.32949734245835,8.531243121755544,58.25894998311618,113.36235975065917,1.945835957968901,6.8943656692112,21,TARGET_INTRADAY
205,XLE.US,momentum_breakout,BUY,2020-11-23 14:30:00+00:00,2020-11-24 14:30:00+00:00,2021-02-17 14:30:00+00:00,15.979121558823302,18.995559526021463,14.463298267968007,19.01076814053389,5.469252535223936,8.29042037646181,16.402018317848313,1.9784302330937258,18.87737042423683,57,TARGET_INTRADAY
206,IWM.US,momentum_breakout,BUY,2021-02-08 14:30:00+00:00,2021-02-09 14:30:00+00:00,2021-02-18 14:30:00+00:00,212.3204718636358,205.6382221328022,205.8028644243417,225.355686742224,8.940054561907397,58.267766120382774,-61.607963954419034,-1.0573249680987482,-3.1472470234171768,7,STOP_INTRADAY
207,QQQ.US,volatility_expansion,BUY,2021-02-01 14:30:00+00:00,2021-02-02 14:30:00+00:00,2021-02-23 14:30:00+00:00,315.36303826783137,304.00100790444304,304.2444034271848,337.6003079491245,5.176504817931421,57.555666821427096,-60.41867540209491,-1.0497432961649218,-3.602841482564223,15,STOP_INTRADAY
208,XLE.US,momentum_breakout,BUY,2021-02-17 14:30:00+00:00,2021-02-18 14:30:00+00:00,2021-02-24 14:30:00+00:00,18.905940947513688,20.335720900296085,18.18291017012157,20.352002502297925,13.746450524406614,9.939106809044006,19.384682600168436,1.9503445302076348,7.562596100092156,5,TARGET_INTRADAY
209,EEM.US,volatility_expansion,BUY,2021-02-01 14:30:00+00:00,2021-02-02 14:30:00+00:00,2021-02-26 14:30:00+00:00,49.213893488638256,47.22995667018634,47.26777088689586,53.10613869212303,24.936838805784475,48.53014561594401,-50.67561501520625,-1.044209003950678,-4.0312535298795975,18,STOP_INTRADAY
210,XLE.US,momentum_breakout,BUY,2021-02-24 14:30:00+00:00,2021-02-25 14:30:00+00:00,2021-02-26 14:30:00+00:00,20.76098871657173,19.64149432399784,19.657220100077904,22.968525949559385,52.138814374282106,57.54918700752983,-59.422379109215974,-1.0325494103233996,-5.392298063725132,2,STOP_INTRADAY
211,SPY.US,volatility_expansion,BUY,2021-03-01 14:30:00+00:00,2021-03-02 14:30:00+00:00,2021-03-03 14:30:00+00:00,361.3564673148332,353.64490369006757,353.92804612696915,376.21330969056135,6.306562192917267,46.84780021644897,-50.888055911354726,-1.0862421645464404,-2.1340599442065344,2,STOP_INTRADAY
212,IWM.US,volatility_expansion,BUY,2021-03-01 14:30:00+00:00,2021-03-02 14:30:00+00:00,2021-03-04 14:30:00+00:00,211.06786005372956,203.50945310429395,203.67239101710766,225.85879812697334,7.70518968539374,56.98349173962787,-59.836157683371326,-1.0500612696178397,-3.581031686923597,3,STOP_INTRADAY
213,XLE.US,momentum_breakout,BUY,2021-03-04 14:30:00+00:00,2021-03-05 14:30:00+00:00,2021-03-23 13:30:00+00:00,21.44743597069537,19.607829392195832,19.79544503360669,24.75141784487273,34.15870475119019,56.429870671654236,-63.53977531731929,-1.1259954091873632,-8.577279731773436,13,STOP_GAP
214,IWM.US,momentum_breakout,BUY,2021-03-11 14:30:00+00:00,2021-03-12 14:30:00+00:00,2021-03-23 13:30:00+00:00,216.86355824418902,207.1288380444177,207.29467378344447,236.00132716567816,5.9045255465336,56.49972275029462,-58.730641075617456,-1.0394854738523687,-4.488868613328756,8,STOP_INTRADAY
215,SPY.US,momentum_breakout,BUY,2021-03-15 13:30:00+00:00,2021-03-16 13:30:00+00:00,2021-03-25 13:30:00+00:00,368.0769828349621,356.7415593546234,357.027181099503,390.1765863058803,5.104430820365214,56.402948537402374,-59.71077802789475,-1.0586463930746255,-3.0796338833882664,8,STOP_INTRADAY
216,EFA.US,momentum_breakout,BUY,2021-05-06 13:30:00+00:00,2021-05-07 13:30:00+00:00,2021-05-12 13:30:00+00:00,67.17977026615652,65.82398392258612,65.87668527080277,69.78594025686402,33.30703695393597,43.401900094367065,-47.3722063248294,-1.0914777053960738,-2.0181467400066544,4,STOP_INTRADAY
217,TLT.US,mean_reversion,BUY,2021-05-13 13:30:00+00:00,2021-05-14 13:30:00+00:00,2021-06-09 13:30:00+00:00,113.94791827907575,117.5130464490449,111.99495425181549,117.6071321547687,19.501515955463383,38.08575913806208,67.26848404156901,1.7662371858656836,3.128734797276067,18,TARGET_GAP
218,SPY.US,momentum_breakout,BUY,2021-04-01 13:30:00+00:00,2021-04-05 13:30:00+00:00,2021-06-10 13:30:00+00:00,375.2253478994828,393.83762292043167,365.7615492108978,394.152945276653,5.866562310387764,55.51996469955009,106.93419322900674,1.9260493735485622,4.960292561560853,48,TARGET_INTRADAY
219,TLT.US,momentum_breakout,BUY,2021-06-10 13:30:00+00:00,2021-06-11 13:30:00+00:00,2021-06-15 13:30:00+00:00,118.94290999145507,117.49273281036704,117.64482702634106,121.53907592168306,18.993592942742378,24.655259445283477,-29.789456250706227,-1.2082394150755902,-1.2192212055280982,3,STOP_GAP
220,EFA.US,momentum_breakout,BUY,2021-06-14 13:30:00+00:00,2021-06-15 13:30:00+00:00,2021-06-16 13:30:00+00:00,69.43217173394952,68.71159877372068,68.76661206337138,70.7632910751058,32.402766795358254,21.56597479413872,-25.586677779331687,-1.186437340466786,-1.0378084715395808,2,STOP_INTRADAY
221,GLD.US,momentum_breakout,BUY,2021-05-06 13:30:00+00:00,2021-05-07 13:30:00+00:00,2021-06-17 13:30:00+00:00,171.6672227783203,166.88638826904295,167.55714362008231,179.8873810947963,13.037670703372884,53.58585862990298,-64.5379212674161,-1.2043834496178334,-2.7849431195441476,29,STOP_GAP
222,XLE.US,momentum_breakout,BUY,2021-06-02 13:30:00+00:00,2021-06-03 13:30:00+00:00,2021-06-18 13:30:00+00:00,22.711467426804894,21.79289003516564,21.971247391531257,24.191907497352172,28.474277757852104,21.077230886308627,-26.78944250952284,-1.2710133818823781,-4.044553239898163,12,STOP_GAP
223,SPY.US,momentum_breakout,BUY,2021-06-10 13:30:00+00:00,2021-06-11 13:30:00+00:00,2021-06-18 13:30:00+00:00,394.5139945121807,388.5483858951663,389.58514201614037,404.3716995042614,5.727909505722303,28.232021064372613,-36.413121530970194,-1.2897808997784335,-1.5121411914400973,6,STOP_GAP
224,QQQ.US,momentum_breakout,BUY,2021-06-17 13:30:00+00:00,2021-06-18 13:30:00+00:00,2021-06-28 13:30:00+00:00,333.3693310174548,341.7443429832792,329.0450178516029,342.0179573491585,6.626185898396166,28.653702919816677,53.25767183360574,1.858666294637024,2.512232286114502,7,TARGET_INTRADAY
225,XLE.US,volatility_expansion,BUY,2021-06-21 13:30:00+00:00,2021-06-22 13:30:00+00:00,2021-07-07 13:30:00+00:00,22.50138420611077,21.716297629116116,21.733684576777538,24.036783464777233,71.74409249219741,55.077913213109134,-57.91150272197569,-1.0514469293326845,-3.489059027672825,11,STOP_INTRADAY
226,SPY.US,momentum_breakout,BUY,2021-06-29 13:30:00+00:00,2021-06-30 13:30:00+00:00,2021-07-12 13:30:00+00:00,398.61313682440857,406.62118472608864,394.44633417672065,406.94674211978446,5.561156818599002,23.172242955946032,42.294993023165325,1.8252438101729969,2.008977417422053,8,TARGET_INTRADAY
227,QQQ.US,momentum_breakout,BUY,2021-06-28 13:30:00+00:00,2021-06-29 13:30:00+00:00,2021-07-13 13:30:00+00:00,343.3716094965539,354.04243485576495,337.8944664587195,354.32589557222275,6.449836600197351,35.32667762994057,66.57597664177585,1.8845807505359755,3.107660931798195,10,TARGET_INTRADAY
228,SPY.US,momentum_breakout,BUY,2021-07-12 13:30:00+00:00,2021-07-13 13:30:00+00:00,2021-07-16 13:30:00+00:00,407.03870040810074,402.86863925450723,403.19119220827383,414.7337168077545,5.490682864313332,21.12544734309462,-25.119955494958102,-1.1890851392157236,-1.0244876345695264,4,STOP_INTRADAY
229,TLT.US,momentum_breakout,BUY,2021-06-17 13:30:00+00:00,2021-06-18 13:30:00+00:00,2021-07-19 13:30:00+00:00,120.589478471764,126.09336193166618,117.78705901485867,126.19431738557465,18.322837002905917,51.34827492264842,98.58679478071464,1.9199631327289344,4.564148986837946,21,TARGET_GAP
230,TLT.US,momentum_breakout,BUY,2021-07-19 13:30:00+00:00,2021-07-20 13:30:00+00:00,2021-07-21 13:30:00+00:00,127.65099145679191,123.81235426879309,124.58220630814407,133.7885617540876,17.587628018353126,53.97265166266485,-69.72384485237649,-1.2918365636018472,-3.007134644385545,2,STOP_GAP
231,QQQ.US,momentum_breakout,BUY,2021-07-23 13:30:00+00:00,2021-07-26 13:30:00+00:00,2021-07-27 13:30:00+00:00,356.93045781260093,350.8269035799122,351.1077898117616,368.57579381427956,6.269405358174882,36.50466596333543,-40.48426450723072,-1.1090161610543794,-1.7100121603781049,2,STOP_INTRADAY
232,QQQ.US,momentum_breakout,BUY,2021-08-05 13:30:00+00:00,2021-08-06 13:30:00+00:00,2021-08-17 13:30:00+00:00,357.7851616672905,352.55370059772343,352.83596937322204,367.68354625542736,6.2398400164968875,30.882168125866276,-34.85968055564712,-1.1287964113649571,-1.4621794389650722,8,STOP_INTRADAY
233,SPY.US,volatility_expansion,BUY,2021-07-20 13:30:00+00:00,2021-07-21 13:30:00+00:00,2021-08-23 13:30:00+00:00,403.3998085948166,417.42306228616656,396.2210788419013,417.7572681006471,5.530824104050461,39.704291553888005,75.29023607362075,1.8962745115709796,3.476266818320495,24,TARGET_INTRADAY
234,SPY.US,momentum_breakout,BUY,2021-08-23 13:30:00+00:00,2021-08-24 13:30:00+00:00,2021-09-17 13:30:00+00:00,417.98356413574214,412.2413318349043,412.5713889460612,428.8079145151041,5.373588556939966,29.082802667424026,-33.08703728341047,-1.1376839316958827,-1.3737938028044128,18,STOP_INTRADAY
235,EFA.US,momentum_breakout,BUY,2021-09-02 13:30:00+00:00,2021-09-03 13:30:00+00:00,2021-09-17 13:30:00+00:00,69.93660089150373,68.88979559682366,68.94495155807012,71.91989955837096,32.31795137059326,32.048074934588755,-36.07389497328227,-1.125618154816174,-1.4967917818940468,10,STOP_INTRADAY
236,QQQ.US,momentum_breakout,BUY,2021-08-23 13:30:00+00:00,2021-08-24 13:30:00+00:00,2021-09-20 13:30:00+00:00,363.09797054335155,356.21580852106297,356.5010093285258,376.291892973003,6.1874637772425105,40.818458556608014,-44.80849219824091,-1.097750718246732,-1.8954008506271491,19,STOP_INTRADAY
237,TLT.US,momentum_breakout,BUY,2021-09-22 13:30:00+00:00,2021-09-23 13:30:00+00:00,2021-09-23 13:30:00+00:00,126.19884970846567,125.3407826040803,125.44113551249029,127.71427810041644,17.545307808450378,13.294328799220564,-17.261721604221062,-1.2984274621847103,-0.6799325876326145,1,STOP_INTRADAY
238,EFA.US,volatility_expansion,BUY,2021-09-23 13:30:00+00:00,2021-09-24 13:30:00+00:00,2021-09-28 13:30:00+00:00,68.58576150370948,67.46885158951919,68.21484410520429,69.32759630071985,32.187486602345295,11.938898794962407,-38.1401509170893,-3.1946121306583533,-1.6284865687900552,3,STOP_GAP
239,QQQ.US,mean_reversion,BUY,2021-09-21 13:30:00+00:00,2021-09-22 13:30:00+00:00,2021-09-28 13:30:00+00:00,356.9371392226209,349.91682378868524,350.1969813737843,368.8980174411838,6.206258625381445,41.831162785774524,-45.7633524671736,-1.0940014434104206,-1.966821230546456,5,STOP_INTRADAY
240,TLT.US,mean_reversion,BUY,2021-09-29 13:30:00+00:00,2021-09-30 13:30:00+00:00,2021-10-08 13:30:00+00:00,120.89661703782397,119.15051542609494,119.2459121558196,124.31075688654542,18.101268325422918,29.879851995246792,-33.77923257509949,-1.1305020045103638,-1.4442931940624515,7,STOP_INTRADAY
241,XLE.US,momentum_breakout,BUY,2021-09-24 13:30:00+00:00,2021-09-27 13:30:00+00:00,2021-10-25 13:30:00+00:00,21.96409269496383,24.69740226702181,20.58755103853171,24.717176007828073,40.10026378071859,55.19968352807535,108.6708657056989,1.9686863902114102,12.444445623218048,21,TARGET_GAP
242,IWM.US,momentum_breakout,BUY,2021-10-25 13:30:00+00:00,2021-10-26 13:30:00+00:00,2021-10-27 13:30:00+00:00,216.41299636571247,211.41512348899894,211.58439100180038,226.07020709353662,10.235099849761736,49.42125803473534,-53.34315969220331,-1.0793565727264873,-2.3094143885276197,2,STOP_INTRADAY
243,XLE.US,momentum_breakout,BUY,2021-10-25 13:30:00+00:00,2021-10-26 13:30:00+00:00,2021-11-03 13:30:00+00:00,24.911216164770153,24.048156358353957,24.067410286583225,26.598827921144007,65.6381286084245,55.38583875297811,-58.2564313654385,-1.0518289995618426,-3.46454304240974,7,STOP_INTRADAY
244,GLD.US,mean_reversion,BUY,2021-08-10 13:30:00+00:00,2021-08-11 13:30:00+00:00,2021-11-10 14:30:00+00:00,163.28051389160154,174.50022324425333,159.59678895132882,174.63993519240725,13.678528752893852,50.38793751327266,151.15894521681636,2.9999034030118747,6.871431921202986,65,TARGET_INTRADAY
245,EFA.US,momentum_breakout,BUY,2021-11-05 13:30:00+00:00,2021-11-08 14:30:00+00:00,2021-11-10 14:30:00+00:00,69.99645073961057,69.12698643448456,69.18233230032483,71.62468761818205,31.67216640953252,25.78489468612671,-29.740988485921324,-1.1534267968883019,-1.2421548463370513,3,STOP_INTRADAY
246,GLD.US,momentum_breakout,BUY,2021-11-10 14:30:00+00:00,2021-11-11 14:30:00+00:00,2021-11-22 14:30:00+00:00,174.11917972412107,169.7640739013672,170.2764233180455,181.80469253627226,12.707014932837966,48.82996303526115,-57.525259543309005,-1.1780729692907774,-2.501221192090508,8,STOP_GAP
247,IWM.US,momentum_breakout,BUY,2021-11-01 13:30:00+00:00,2021-11-02 13:30:00+00:00,2021-11-23 14:30:00+00:00,220.50550204576908,215.29111503523433,215.46348582389345,230.58953448952033,4.964529127517643,25.031236394918015,-26.968738695535563,-1.0774033799229714,-2.3647423588788463,16,STOP_INTRADAY
248,EFA.US,mean_reversion,BUY,2021-11-29 14:30:00+00:00,2021-11-30 14:30:00+00:00,2021-11-30 14:30:00+00:00,66.13199963170074,65.38940554548982,65.44175895265195,68.46288199671405,33.10333629537255,22.849269323298223,-26.75924041960502,-1.1711201807368081,-1.1228967675959267,1,STOP_INTRADAY
249,SPY.US,momentum_breakout,BUY,2021-10-29 13:30:00+00:00,2021-11-01 13:30:00+00:00,2021-12-01 14:30:00+00:00,430.8640947307919,423.85606770911545,424.19542404835414,444.2014360956675,5.100576487636967,34.01406488663609,-37.92476063351263,-1.1149729019424852,-1.6265052269103908,22,STOP_INTRADAY
250,TLT.US,momentum_breakout,BUY,2021-12-01 14:30:00+00:00,2021-12-02 14:30:00+00:00,2021-12-08 14:30:00+00:00,128.78770245692556,125.47705360371513,125.5775156162081,135.20807613836047,16.935426021056937,54.36588175474095,-58.22028971825565,-1.0708975526397781,-2.570624982084535,5,STOP_INTRADAY
251,EEM.US,mean_reversion,BUY,2021-11-29 14:30:00+00:00,2021-11-30 14:30:00+00:00,2021-12-20 14:30:00+00:00,43.50319866245831,42.74832087348332,42.78254691101213,45.41966293575318,50.309425091090766,36.25557530614478,-40.14709975790844,-1.107335890243179,-1.735223643741901,15,STOP_INTRADAY
